key,measured_source,generated_at,candidate_dry_run_count,candidate_dry_run_sources
synthetic-airgap-smoke/synthetic-smoke/Q4_0/no-suite/no-command/no-launch-plan/no-env,bench/results/qemu_prompt_bench_20260427T144137Z.json,2026-04-27T14:41:37Z,0,[]
synthetic-airgap-smoke/synthetic-smoke/Q4_0/no-suite/no-command/no-launch-plan/no-env,bench/results/qemu_prompt_bench_20260427T161259Z.json,2026-04-27T16:12:59Z,0,[]
synthetic-airgap-smoke/synthetic-smoke/Q4_0/no-suite/no-command/no-launch-plan/no-env,bench/results/qemu_prompt_bench_20260427T170437Z.json,2026-04-27T17:04:37Z,0,[]
synthetic-airgap-smoke/synthetic-smoke/Q4_0/no-suite/no-command/no-launch-plan/no-env,bench/results/qemu_prompt_bench_20260427T172021Z.json,2026-04-27T17:20:21Z,0,[]
synthetic-airgap-smoke/synthetic-smoke/Q4_0/no-suite/no-command/no-launch-plan/no-env,bench/results/qemu_prompt_bench_20260427T180219Z.json,2026-04-27T18:02:19Z,0,[]
ci-airgap-smoke/synthetic-smoke/Q4_0/no-suite/no-command/no-launch-plan/no-env,bench/results/bench_matrix_20260427T182910Z/ci-airgap-smoke_synthetic-smoke_Q4_0/qemu_prompt_bench_20260427T182911Z.json,2026-04-27T18:29:11Z,0,[]
ci-airgap-smoke/synthetic-smoke/Q4_0/no-suite/no-command/no-launch-plan/no-env,bench/results/bench_matrix_20260427T182910Z/ci-airgap-smoke_synthetic-smoke_Q4_0/qemu_prompt_bench_latest.json,2026-04-27T18:29:11Z,0,[]
ci-airgap-smoke/synthetic-smoke/Q8_0/no-suite/no-command/no-launch-plan/no-env,bench/results/bench_matrix_20260427T182910Z/ci-airgap-smoke_synthetic-smoke_Q8_0/qemu_prompt_bench_20260427T182911Z.json,2026-04-27T18:29:11Z,0,[]
ci-airgap-smoke/synthetic-smoke/Q8_0/no-suite/no-command/no-launch-plan/no-env,bench/results/bench_matrix_20260427T182910Z/ci-airgap-smoke_synthetic-smoke_Q8_0/qemu_prompt_bench_latest.json,2026-04-27T18:29:11Z,0,[]
ci-airgap-smoke/synthetic-smoke/Q4_0/no-suite/no-command/no-launch-plan/no-env,bench/results/bench_matrix_20260427T183959Z/ci-airgap-smoke_synthetic-smoke_Q4_0/qemu_prompt_bench_20260427T184001Z.json,2026-04-27T18:40:01Z,0,[]
ci-airgap-smoke/synthetic-smoke/Q4_0/no-suite/no-command/no-launch-plan/no-env,bench/results/bench_matrix_20260427T183959Z/ci-airgap-smoke_synthetic-smoke_Q4_0/qemu_prompt_bench_latest.json,2026-04-27T18:40:01Z,0,[]
ci-airgap-smoke/synthetic-smoke/Q8_0/no-suite/no-command/no-launch-plan/no-env,bench/results/bench_matrix_20260427T183959Z/ci-airgap-smoke_synthetic-smoke_Q8_0/qemu_prompt_bench_20260427T184001Z.json,2026-04-27T18:40:01Z,0,[]
ci-airgap-smoke/synthetic-smoke/Q8_0/no-suite/no-command/no-launch-plan/no-env,bench/results/bench_matrix_20260427T183959Z/ci-airgap-smoke_synthetic-smoke_Q8_0/qemu_prompt_bench_latest.json,2026-04-27T18:40:01Z,0,[]
synthetic-airgap-smoke/synthetic-smoke/Q4_0/no-suite/no-command/no-launch-plan/no-env,bench/results/qemu_prompt_bench_20260427T192232Z.json,2026-04-27T19:22:32Z,0,[]
synthetic-airgap-smoke/synthetic-smoke/Q4_0/68fc621f9f3916e73aa05b83ba0fa8da9f3cffad22a1c29f5acf8980d8dd743a/no-command/no-launch-plan/no-env,bench/results/qemu_prompt_bench_20260427T200233Z.json,2026-04-27T20:02:33Z,0,[]
ci-airgap-smoke/synthetic-smoke/Q4_0/68fc621f9f3916e73aa05b83ba0fa8da9f3cffad22a1c29f5acf8980d8dd743a/no-command/no-launch-plan/no-env,bench/results/bench_matrix_20260427T200249Z/ci-airgap-smoke_synthetic-smoke_Q4_0/qemu_prompt_bench_20260427T200250Z.json,2026-04-27T20:02:50Z,0,[]
ci-airgap-smoke/synthetic-smoke/Q4_0/68fc621f9f3916e73aa05b83ba0fa8da9f3cffad22a1c29f5acf8980d8dd743a/no-command/no-launch-plan/no-env,bench/results/bench_matrix_20260427T200249Z/ci-airgap-smoke_synthetic-smoke_Q4_0/qemu_prompt_bench_latest.json,2026-04-27T20:02:50Z,0,[]
ci-airgap-smoke/synthetic-smoke/Q8_0/68fc621f9f3916e73aa05b83ba0fa8da9f3cffad22a1c29f5acf8980d8dd743a/no-command/no-launch-plan/no-env,bench/results/bench_matrix_20260427T200249Z/ci-airgap-smoke_synthetic-smoke_Q8_0/qemu_prompt_bench_20260427T200250Z.json,2026-04-27T20:02:50Z,0,[]
ci-airgap-smoke/synthetic-smoke/Q8_0/68fc621f9f3916e73aa05b83ba0fa8da9f3cffad22a1c29f5acf8980d8dd743a/no-command/no-launch-plan/no-env,bench/results/bench_matrix_20260427T200249Z/ci-airgap-smoke_synthetic-smoke_Q8_0/qemu_prompt_bench_latest.json,2026-04-27T20:02:50Z,0,[]
synthetic-airgap-smoke/synthetic-smoke/Q4_0/68fc621f9f3916e73aa05b83ba0fa8da9f3cffad22a1c29f5acf8980d8dd743a/no-command/no-launch-plan/no-env,bench/results/qemu_prompt_bench_20260427T220828Z.json,2026-04-27T22:08:28Z,0,[]
synthetic-airgap-smoke/synthetic-smoke/Q4_0/68fc621f9f3916e73aa05b83ba0fa8da9f3cffad22a1c29f5acf8980d8dd743a/no-command/no-launch-plan/no-env,bench/results/qemu_prompt_bench_20260427T221951Z.json,2026-04-27T22:19:51Z,0,[]
ci-airgap-smoke/synthetic-smoke/Q4_0/68fc621f9f3916e73aa05b83ba0fa8da9f3cffad22a1c29f5acf8980d8dd743a/no-command/no-launch-plan/no-env,bench/results/bench_matrix_20260427T230733Z/ci-airgap-smoke_synthetic-smoke_Q4_0/qemu_prompt_bench_20260427T230734Z.json,2026-04-27T23:07:34Z,0,[]
ci-airgap-smoke/synthetic-smoke/Q4_0/68fc621f9f3916e73aa05b83ba0fa8da9f3cffad22a1c29f5acf8980d8dd743a/no-command/no-launch-plan/no-env,bench/results/bench_matrix_20260427T230733Z/ci-airgap-smoke_synthetic-smoke_Q4_0/qemu_prompt_bench_latest.json,2026-04-27T23:07:34Z,0,[]
ci-airgap-smoke/synthetic-smoke/Q8_0/68fc621f9f3916e73aa05b83ba0fa8da9f3cffad22a1c29f5acf8980d8dd743a/no-command/no-launch-plan/no-env,bench/results/bench_matrix_20260427T230733Z/ci-airgap-smoke_synthetic-smoke_Q8_0/qemu_prompt_bench_20260427T230734Z.json,2026-04-27T23:07:34Z,0,[]
ci-airgap-smoke/synthetic-smoke/Q8_0/68fc621f9f3916e73aa05b83ba0fa8da9f3cffad22a1c29f5acf8980d8dd743a/no-command/no-launch-plan/no-env,bench/results/bench_matrix_20260427T230733Z/ci-airgap-smoke_synthetic-smoke_Q8_0/qemu_prompt_bench_latest.json,2026-04-27T23:07:34Z,0,[]
synthetic-airgap-smoke/synthetic-smoke/Q4_0/68fc621f9f3916e73aa05b83ba0fa8da9f3cffad22a1c29f5acf8980d8dd743a/no-command/no-launch-plan/no-env,bench/results/qemu_prompt_bench_20260427T231904Z.json,2026-04-27T23:19:04Z,0,[]
synthetic-airgap-smoke/synthetic-smoke/Q4_0/68fc621f9f3916e73aa05b83ba0fa8da9f3cffad22a1c29f5acf8980d8dd743a/no-command/no-launch-plan/21a5fe5c0e2f1cbdfbc4f36f4a5326cb6145cbf77763b3401df2b5c1619f420d,bench/results/qemu_prompt_bench_20260427T233253Z.json,2026-04-27T23:32:53Z,0,[]
synthetic-airgap-smoke/synthetic-smoke/Q4_0/68fc621f9f3916e73aa05b83ba0fa8da9f3cffad22a1c29f5acf8980d8dd743a/no-command/no-launch-plan/21a5fe5c0e2f1cbdfbc4f36f4a5326cb6145cbf77763b3401df2b5c1619f420d,bench/results/qemu_prompt_bench_20260427T234033Z.json,2026-04-27T23:40:33Z,0,[]
ci-airgap-smoke/synthetic-smoke/Q4_0/68fc621f9f3916e73aa05b83ba0fa8da9f3cffad22a1c29f5acf8980d8dd743a/no-command/no-launch-plan/199928d2258262b2ca80e491fc637902d45ca3695c316aef71615539bffafad7,bench/results/bench_matrix_20260427T234738Z/ci-airgap-smoke_synthetic-smoke_Q4_0/qemu_prompt_bench_20260427T234738Z.json,2026-04-27T23:47:38Z,0,[]
ci-airgap-smoke/synthetic-smoke/Q4_0/68fc621f9f3916e73aa05b83ba0fa8da9f3cffad22a1c29f5acf8980d8dd743a/no-command/no-launch-plan/199928d2258262b2ca80e491fc637902d45ca3695c316aef71615539bffafad7,bench/results/bench_matrix_20260427T234738Z/ci-airgap-smoke_synthetic-smoke_Q4_0/qemu_prompt_bench_latest.json,2026-04-27T23:47:38Z,0,[]
ci-airgap-smoke/synthetic-smoke/Q8_0/68fc621f9f3916e73aa05b83ba0fa8da9f3cffad22a1c29f5acf8980d8dd743a/no-command/no-launch-plan/199928d2258262b2ca80e491fc637902d45ca3695c316aef71615539bffafad7,bench/results/bench_matrix_20260427T234738Z/ci-airgap-smoke_synthetic-smoke_Q8_0/qemu_prompt_bench_20260427T234738Z.json,2026-04-27T23:47:38Z,0,[]
ci-airgap-smoke/synthetic-smoke/Q8_0/68fc621f9f3916e73aa05b83ba0fa8da9f3cffad22a1c29f5acf8980d8dd743a/no-command/no-launch-plan/199928d2258262b2ca80e491fc637902d45ca3695c316aef71615539bffafad7,bench/results/bench_matrix_20260427T234738Z/ci-airgap-smoke_synthetic-smoke_Q8_0/qemu_prompt_bench_latest.json,2026-04-27T23:47:38Z,0,[]
ci-airgap-smoke/synthetic-smoke/Q4_0/68fc621f9f3916e73aa05b83ba0fa8da9f3cffad22a1c29f5acf8980d8dd743a/no-command/no-launch-plan/199928d2258262b2ca80e491fc637902d45ca3695c316aef71615539bffafad7,bench/results/bench_matrix_20260428T000109Z/ci-airgap-smoke_synthetic-smoke_Q4_0/qemu_prompt_bench_20260428T000110Z.json,2026-04-28T00:01:10Z,0,[]
ci-airgap-smoke/synthetic-smoke/Q4_0/68fc621f9f3916e73aa05b83ba0fa8da9f3cffad22a1c29f5acf8980d8dd743a/no-command/no-launch-plan/199928d2258262b2ca80e491fc637902d45ca3695c316aef71615539bffafad7,bench/results/bench_matrix_20260428T000109Z/ci-airgap-smoke_synthetic-smoke_Q4_0/qemu_prompt_bench_latest.json,2026-04-28T00:01:10Z,0,[]
synthetic-airgap-smoke/synthetic-smoke/Q4_0/68fc621f9f3916e73aa05b83ba0fa8da9f3cffad22a1c29f5acf8980d8dd743a/no-command/no-launch-plan/21a5fe5c0e2f1cbdfbc4f36f4a5326cb6145cbf77763b3401df2b5c1619f420d,bench/results/qemu_prompt_bench_20260428T000110Z.json,2026-04-28T00:01:10Z,0,[]
ci-airgap-smoke/synthetic-smoke/Q8_0/68fc621f9f3916e73aa05b83ba0fa8da9f3cffad22a1c29f5acf8980d8dd743a/no-command/no-launch-plan/199928d2258262b2ca80e491fc637902d45ca3695c316aef71615539bffafad7,bench/results/bench_matrix_20260428T000109Z/ci-airgap-smoke_synthetic-smoke_Q8_0/qemu_prompt_bench_20260428T000111Z.json,2026-04-28T00:01:11Z,0,[]
ci-airgap-smoke/synthetic-smoke/Q8_0/68fc621f9f3916e73aa05b83ba0fa8da9f3cffad22a1c29f5acf8980d8dd743a/no-command/no-launch-plan/199928d2258262b2ca80e491fc637902d45ca3695c316aef71615539bffafad7,bench/results/bench_matrix_20260428T000109Z/ci-airgap-smoke_synthetic-smoke_Q8_0/qemu_prompt_bench_latest.json,2026-04-28T00:01:11Z,0,[]
synthetic-airgap-smoke/synthetic-smoke/Q4_0/68fc621f9f3916e73aa05b83ba0fa8da9f3cffad22a1c29f5acf8980d8dd743a/no-command/no-launch-plan/21a5fe5c0e2f1cbdfbc4f36f4a5326cb6145cbf77763b3401df2b5c1619f420d,bench/results/qemu_prompt_bench_20260428T000650Z.json,2026-04-28T00:06:50Z,0,[]
ci-airgap-smoke/synthetic-smoke/Q4_0/68fc621f9f3916e73aa05b83ba0fa8da9f3cffad22a1c29f5acf8980d8dd743a/no-command/no-launch-plan/199928d2258262b2ca80e491fc637902d45ca3695c316aef71615539bffafad7,bench/results/bench_matrix_20260428T023335Z/ci-airgap-smoke_synthetic-smoke_Q4_0/qemu_prompt_bench_20260428T023336Z.json,2026-04-28T02:33:36Z,0,[]
ci-airgap-smoke/synthetic-smoke/Q4_0/68fc621f9f3916e73aa05b83ba0fa8da9f3cffad22a1c29f5acf8980d8dd743a/no-command/no-launch-plan/199928d2258262b2ca80e491fc637902d45ca3695c316aef71615539bffafad7,bench/results/bench_matrix_20260428T023335Z/ci-airgap-smoke_synthetic-smoke_Q4_0/qemu_prompt_bench_latest.json,2026-04-28T02:33:36Z,0,[]
ci-airgap-smoke/synthetic-smoke/Q8_0/68fc621f9f3916e73aa05b83ba0fa8da9f3cffad22a1c29f5acf8980d8dd743a/no-command/no-launch-plan/199928d2258262b2ca80e491fc637902d45ca3695c316aef71615539bffafad7,bench/results/bench_matrix_20260428T023335Z/ci-airgap-smoke_synthetic-smoke_Q8_0/qemu_prompt_bench_20260428T023337Z.json,2026-04-28T02:33:37Z,0,[]
ci-airgap-smoke/synthetic-smoke/Q8_0/68fc621f9f3916e73aa05b83ba0fa8da9f3cffad22a1c29f5acf8980d8dd743a/no-command/no-launch-plan/199928d2258262b2ca80e491fc637902d45ca3695c316aef71615539bffafad7,bench/results/bench_matrix_20260428T023335Z/ci-airgap-smoke_synthetic-smoke_Q8_0/qemu_prompt_bench_latest.json,2026-04-28T02:33:37Z,0,[]
synthetic-airgap-smoke/synthetic-smoke/Q4_0/68fc621f9f3916e73aa05b83ba0fa8da9f3cffad22a1c29f5acf8980d8dd743a/no-command/no-launch-plan/21a5fe5c0e2f1cbdfbc4f36f4a5326cb6145cbf77763b3401df2b5c1619f420d,bench/results/qemu_prompt_bench_20260428T024600Z.json,2026-04-28T02:46:00Z,0,[]
ci-airgap-smoke/synthetic-smoke/Q4_0/68fc621f9f3916e73aa05b83ba0fa8da9f3cffad22a1c29f5acf8980d8dd743a/no-command/no-launch-plan/199928d2258262b2ca80e491fc637902d45ca3695c316aef71615539bffafad7,bench/results/bench_matrix_20260428T035157Z/ci-airgap-smoke_synthetic-smoke_Q4_0/qemu_prompt_bench_20260428T035203Z.json,2026-04-28T03:52:03Z,0,[]
ci-airgap-smoke/synthetic-smoke/Q4_0/68fc621f9f3916e73aa05b83ba0fa8da9f3cffad22a1c29f5acf8980d8dd743a/no-command/no-launch-plan/199928d2258262b2ca80e491fc637902d45ca3695c316aef71615539bffafad7,bench/results/bench_matrix_20260428T035157Z/ci-airgap-smoke_synthetic-smoke_Q4_0/qemu_prompt_bench_latest.json,2026-04-28T03:52:03Z,0,[]
ci-airgap-smoke/synthetic-smoke/Q4_0/68fc621f9f3916e73aa05b83ba0fa8da9f3cffad22a1c29f5acf8980d8dd743a/no-command/no-launch-plan/21a5fe5c0e2f1cbdfbc4f36f4a5326cb6145cbf77763b3401df2b5c1619f420d,bench/results/qemu_prompt_bench_20260428T035203Z.json,2026-04-28T03:52:03Z,0,[]
ci-airgap-smoke/synthetic-smoke/Q8_0/68fc621f9f3916e73aa05b83ba0fa8da9f3cffad22a1c29f5acf8980d8dd743a/no-command/no-launch-plan/199928d2258262b2ca80e491fc637902d45ca3695c316aef71615539bffafad7,bench/results/bench_matrix_20260428T035157Z/ci-airgap-smoke_synthetic-smoke_Q8_0/qemu_prompt_bench_20260428T035204Z.json,2026-04-28T03:52:04Z,0,[]
ci-airgap-smoke/synthetic-smoke/Q8_0/68fc621f9f3916e73aa05b83ba0fa8da9f3cffad22a1c29f5acf8980d8dd743a/no-command/no-launch-plan/199928d2258262b2ca80e491fc637902d45ca3695c316aef71615539bffafad7,bench/results/bench_matrix_20260428T035157Z/ci-airgap-smoke_synthetic-smoke_Q8_0/qemu_prompt_bench_latest.json,2026-04-28T03:52:04Z,0,[]
synthetic-airgap-smoke/synthetic-smoke/Q4_0/68fc621f9f3916e73aa05b83ba0fa8da9f3cffad22a1c29f5acf8980d8dd743a/no-command/no-launch-plan/21a5fe5c0e2f1cbdfbc4f36f4a5326cb6145cbf77763b3401df2b5c1619f420d,bench/results/qemu_prompt_bench_20260428T044520Z.json,2026-04-28T04:45:20Z,0,[]
synthetic-airgap-smoke/synthetic-smoke/Q4_0/68fc621f9f3916e73aa05b83ba0fa8da9f3cffad22a1c29f5acf8980d8dd743a/no-command/no-launch-plan/21a5fe5c0e2f1cbdfbc4f36f4a5326cb6145cbf77763b3401df2b5c1619f420d,bench/results/qemu_prompt_bench_20260428T045336Z.json,2026-04-28T04:53:36Z,0,[]
synthetic-airgap-smoke/synthetic-smoke/Q4_0/68fc621f9f3916e73aa05b83ba0fa8da9f3cffad22a1c29f5acf8980d8dd743a/no-command/no-launch-plan/21a5fe5c0e2f1cbdfbc4f36f4a5326cb6145cbf77763b3401df2b5c1619f420d,bench/results/qemu_prompt_bench_20260428T051723Z.json,2026-04-28T05:17:23Z,0,[]
ci-airgap-smoke/synthetic-smoke/Q4_0/68fc621f9f3916e73aa05b83ba0fa8da9f3cffad22a1c29f5acf8980d8dd743a/no-command/no-launch-plan/fad0e7a1f326bc53b13c3332b33e0bd191fdc4e92444823af2592bea6a90ced8,bench/results/qemu_prompt_bench_20260428T053208Z.json,2026-04-28T05:32:08Z,0,[]
synthetic-airgap-smoke/synthetic-smoke/Q4_0/68fc621f9f3916e73aa05b83ba0fa8da9f3cffad22a1c29f5acf8980d8dd743a/e415146c052b9f0baa23706ffde97548f2374f6601337823b4d810c39bed48e7/no-launch-plan/21a5fe5c0e2f1cbdfbc4f36f4a5326cb6145cbf77763b3401df2b5c1619f420d,bench/results/qemu_prompt_bench_20260428T061952Z.json,2026-04-28T06:19:52Z,0,[]
ci-airgap-smoke/synthetic-smoke/Q4_0/68fc621f9f3916e73aa05b83ba0fa8da9f3cffad22a1c29f5acf8980d8dd743a/b38e17f8fe6b79397ba9c4cb6dc68ad1d24ed501d479195500b1d8eaf615640d/no-launch-plan/199928d2258262b2ca80e491fc637902d45ca3695c316aef71615539bffafad7,bench/results/bench_matrix_20260428T062013Z/ci-airgap-smoke_synthetic-smoke_Q4_0/qemu_prompt_bench_20260428T062014Z.json,2026-04-28T06:20:14Z,0,[]
ci-airgap-smoke/synthetic-smoke/Q4_0/68fc621f9f3916e73aa05b83ba0fa8da9f3cffad22a1c29f5acf8980d8dd743a/b38e17f8fe6b79397ba9c4cb6dc68ad1d24ed501d479195500b1d8eaf615640d/no-launch-plan/199928d2258262b2ca80e491fc637902d45ca3695c316aef71615539bffafad7,bench/results/bench_matrix_20260428T062013Z/ci-airgap-smoke_synthetic-smoke_Q4_0/qemu_prompt_bench_latest.json,2026-04-28T06:20:14Z,0,[]
ci-airgap-smoke/synthetic-smoke/Q8_0/68fc621f9f3916e73aa05b83ba0fa8da9f3cffad22a1c29f5acf8980d8dd743a/b38e17f8fe6b79397ba9c4cb6dc68ad1d24ed501d479195500b1d8eaf615640d/no-launch-plan/199928d2258262b2ca80e491fc637902d45ca3695c316aef71615539bffafad7,bench/results/bench_matrix_20260428T062013Z/ci-airgap-smoke_synthetic-smoke_Q8_0/qemu_prompt_bench_20260428T062015Z.json,2026-04-28T06:20:15Z,0,[]
ci-airgap-smoke/synthetic-smoke/Q8_0/68fc621f9f3916e73aa05b83ba0fa8da9f3cffad22a1c29f5acf8980d8dd743a/b38e17f8fe6b79397ba9c4cb6dc68ad1d24ed501d479195500b1d8eaf615640d/no-launch-plan/199928d2258262b2ca80e491fc637902d45ca3695c316aef71615539bffafad7,bench/results/bench_matrix_20260428T062013Z/ci-airgap-smoke_synthetic-smoke_Q8_0/qemu_prompt_bench_latest.json,2026-04-28T06:20:15Z,0,[]
ci-airgap-smoke/synthetic-smoke/Q4_0/68fc621f9f3916e73aa05b83ba0fa8da9f3cffad22a1c29f5acf8980d8dd743a/b9be9bb048be4bf27f179ec73019754dd945d4c113f0a28a4ca266b00b458b85/no-launch-plan/21a5fe5c0e2f1cbdfbc4f36f4a5326cb6145cbf77763b3401df2b5c1619f420d,bench/results/qemu_prompt_bench_20260428T064752Z.json,2026-04-28T06:47:52Z,0,[]
ci-airgap-smoke/synthetic-smoke/Q4_0/68fc621f9f3916e73aa05b83ba0fa8da9f3cffad22a1c29f5acf8980d8dd743a/b38e17f8fe6b79397ba9c4cb6dc68ad1d24ed501d479195500b1d8eaf615640d/no-launch-plan/199928d2258262b2ca80e491fc637902d45ca3695c316aef71615539bffafad7,bench/results/bench_matrix_20260428T105611Z/ci-airgap-smoke_synthetic-smoke_Q4_0/qemu_prompt_bench_20260428T105613Z.json,2026-04-28T10:56:13Z,0,[]
ci-airgap-smoke/synthetic-smoke/Q4_0/68fc621f9f3916e73aa05b83ba0fa8da9f3cffad22a1c29f5acf8980d8dd743a/b38e17f8fe6b79397ba9c4cb6dc68ad1d24ed501d479195500b1d8eaf615640d/no-launch-plan/199928d2258262b2ca80e491fc637902d45ca3695c316aef71615539bffafad7,bench/results/bench_matrix_20260428T105611Z/ci-airgap-smoke_synthetic-smoke_Q4_0/qemu_prompt_bench_latest.json,2026-04-28T10:56:13Z,0,[]
ci-airgap-smoke/synthetic-smoke/Q8_0/68fc621f9f3916e73aa05b83ba0fa8da9f3cffad22a1c29f5acf8980d8dd743a/b38e17f8fe6b79397ba9c4cb6dc68ad1d24ed501d479195500b1d8eaf615640d/no-launch-plan/199928d2258262b2ca80e491fc637902d45ca3695c316aef71615539bffafad7,bench/results/bench_matrix_20260428T105611Z/ci-airgap-smoke_synthetic-smoke_Q8_0/qemu_prompt_bench_20260428T105614Z.json,2026-04-28T10:56:14Z,0,[]
ci-airgap-smoke/synthetic-smoke/Q8_0/68fc621f9f3916e73aa05b83ba0fa8da9f3cffad22a1c29f5acf8980d8dd743a/b38e17f8fe6b79397ba9c4cb6dc68ad1d24ed501d479195500b1d8eaf615640d/no-launch-plan/199928d2258262b2ca80e491fc637902d45ca3695c316aef71615539bffafad7,bench/results/bench_matrix_20260428T105611Z/ci-airgap-smoke_synthetic-smoke_Q8_0/qemu_prompt_bench_latest.json,2026-04-28T10:56:14Z,0,[]
synthetic-airgap-smoke/synthetic-smoke/Q4_0/68fc621f9f3916e73aa05b83ba0fa8da9f3cffad22a1c29f5acf8980d8dd743a/e415146c052b9f0baa23706ffde97548f2374f6601337823b4d810c39bed48e7/no-launch-plan/21a5fe5c0e2f1cbdfbc4f36f4a5326cb6145cbf77763b3401df2b5c1619f420d,bench/results/qemu_prompt_bench_20260428T124220Z.json,2026-04-28T12:42:20Z,0,[]
synthetic-airgap-smoke/synthetic-smoke/Q4_0/68fc621f9f3916e73aa05b83ba0fa8da9f3cffad22a1c29f5acf8980d8dd743a/e415146c052b9f0baa23706ffde97548f2374f6601337823b4d810c39bed48e7/no-launch-plan/21a5fe5c0e2f1cbdfbc4f36f4a5326cb6145cbf77763b3401df2b5c1619f420d,bench/results/qemu_prompt_bench_20260428T125149Z.json,2026-04-28T12:51:49Z,0,[]
ci-airgap-smoke/synthetic-smoke/Q4_0/68fc621f9f3916e73aa05b83ba0fa8da9f3cffad22a1c29f5acf8980d8dd743a/b38e17f8fe6b79397ba9c4cb6dc68ad1d24ed501d479195500b1d8eaf615640d/no-launch-plan/199928d2258262b2ca80e491fc637902d45ca3695c316aef71615539bffafad7,bench/results/bench_matrix_20260428T132709Z/ci-airgap-smoke_synthetic-smoke_Q4_0/qemu_prompt_bench_20260428T132718Z.json,2026-04-28T13:27:18Z,0,[]
ci-airgap-smoke/synthetic-smoke/Q4_0/68fc621f9f3916e73aa05b83ba0fa8da9f3cffad22a1c29f5acf8980d8dd743a/b38e17f8fe6b79397ba9c4cb6dc68ad1d24ed501d479195500b1d8eaf615640d/no-launch-plan/199928d2258262b2ca80e491fc637902d45ca3695c316aef71615539bffafad7,bench/results/bench_matrix_20260428T132709Z/ci-airgap-smoke_synthetic-smoke_Q4_0/qemu_prompt_bench_latest.json,2026-04-28T13:27:18Z,0,[]
ci-airgap-smoke/synthetic-smoke/Q8_0/68fc621f9f3916e73aa05b83ba0fa8da9f3cffad22a1c29f5acf8980d8dd743a/b38e17f8fe6b79397ba9c4cb6dc68ad1d24ed501d479195500b1d8eaf615640d/no-launch-plan/199928d2258262b2ca80e491fc637902d45ca3695c316aef71615539bffafad7,bench/results/bench_matrix_20260428T132709Z/ci-airgap-smoke_synthetic-smoke_Q8_0/qemu_prompt_bench_20260428T132724Z.json,2026-04-28T13:27:24Z,0,[]
ci-airgap-smoke/synthetic-smoke/Q8_0/68fc621f9f3916e73aa05b83ba0fa8da9f3cffad22a1c29f5acf8980d8dd743a/b38e17f8fe6b79397ba9c4cb6dc68ad1d24ed501d479195500b1d8eaf615640d/no-launch-plan/199928d2258262b2ca80e491fc637902d45ca3695c316aef71615539bffafad7,bench/results/bench_matrix_20260428T132709Z/ci-airgap-smoke_synthetic-smoke_Q8_0/qemu_prompt_bench_latest.json,2026-04-28T13:27:24Z,0,[]
ci-airgap-smoke/synthetic-smoke/Q4_0/68fc621f9f3916e73aa05b83ba0fa8da9f3cffad22a1c29f5acf8980d8dd743a/b38e17f8fe6b79397ba9c4cb6dc68ad1d24ed501d479195500b1d8eaf615640d/no-launch-plan/199928d2258262b2ca80e491fc637902d45ca3695c316aef71615539bffafad7,bench/results/bench_matrix_20260428T133552Z/ci-airgap-smoke_synthetic-smoke_Q4_0/qemu_prompt_bench_20260428T133553Z.json,2026-04-28T13:35:53Z,0,[]
ci-airgap-smoke/synthetic-smoke/Q4_0/68fc621f9f3916e73aa05b83ba0fa8da9f3cffad22a1c29f5acf8980d8dd743a/b38e17f8fe6b79397ba9c4cb6dc68ad1d24ed501d479195500b1d8eaf615640d/no-launch-plan/199928d2258262b2ca80e491fc637902d45ca3695c316aef71615539bffafad7,bench/results/bench_matrix_20260428T133552Z/ci-airgap-smoke_synthetic-smoke_Q4_0/qemu_prompt_bench_latest.json,2026-04-28T13:35:53Z,0,[]
ci-airgap-smoke/synthetic-smoke/Q8_0/68fc621f9f3916e73aa05b83ba0fa8da9f3cffad22a1c29f5acf8980d8dd743a/b38e17f8fe6b79397ba9c4cb6dc68ad1d24ed501d479195500b1d8eaf615640d/no-launch-plan/199928d2258262b2ca80e491fc637902d45ca3695c316aef71615539bffafad7,bench/results/bench_matrix_20260428T133552Z/ci-airgap-smoke_synthetic-smoke_Q8_0/qemu_prompt_bench_20260428T133554Z.json,2026-04-28T13:35:54Z,0,[]
ci-airgap-smoke/synthetic-smoke/Q8_0/68fc621f9f3916e73aa05b83ba0fa8da9f3cffad22a1c29f5acf8980d8dd743a/b38e17f8fe6b79397ba9c4cb6dc68ad1d24ed501d479195500b1d8eaf615640d/no-launch-plan/199928d2258262b2ca80e491fc637902d45ca3695c316aef71615539bffafad7,bench/results/bench_matrix_20260428T133552Z/ci-airgap-smoke_synthetic-smoke_Q8_0/qemu_prompt_bench_latest.json,2026-04-28T13:35:54Z,0,[]
synthetic-airgap-smoke/synthetic-smoke/Q4_0/68fc621f9f3916e73aa05b83ba0fa8da9f3cffad22a1c29f5acf8980d8dd743a/e415146c052b9f0baa23706ffde97548f2374f6601337823b4d810c39bed48e7/no-launch-plan/21a5fe5c0e2f1cbdfbc4f36f4a5326cb6145cbf77763b3401df2b5c1619f420d,bench/results/qemu_prompt_bench_20260428T134519Z.json,2026-04-28T13:45:19Z,0,[]
synthetic-airgap-smoke/synthetic-smoke/Q4_0/68fc621f9f3916e73aa05b83ba0fa8da9f3cffad22a1c29f5acf8980d8dd743a/e415146c052b9f0baa23706ffde97548f2374f6601337823b4d810c39bed48e7/no-launch-plan/21a5fe5c0e2f1cbdfbc4f36f4a5326cb6145cbf77763b3401df2b5c1619f420d,bench/results/qemu_prompt_bench_20260428T142810Z.json,2026-04-28T14:28:10Z,0,[]
synthetic-airgap-smoke/synthetic-smoke/Q4_0/68fc621f9f3916e73aa05b83ba0fa8da9f3cffad22a1c29f5acf8980d8dd743a/e415146c052b9f0baa23706ffde97548f2374f6601337823b4d810c39bed48e7/no-launch-plan/21a5fe5c0e2f1cbdfbc4f36f4a5326cb6145cbf77763b3401df2b5c1619f420d,bench/results/qemu_prompt_bench_20260428T143901Z.json,2026-04-28T14:39:01Z,0,[]
ci-airgap-smoke/synthetic-smoke/Q4_0/68fc621f9f3916e73aa05b83ba0fa8da9f3cffad22a1c29f5acf8980d8dd743a/b38e17f8fe6b79397ba9c4cb6dc68ad1d24ed501d479195500b1d8eaf615640d/no-launch-plan/199928d2258262b2ca80e491fc637902d45ca3695c316aef71615539bffafad7,bench/results/bench_matrix_20260428T143936Z/ci-airgap-smoke_synthetic-smoke_Q4_0/qemu_prompt_bench_20260428T143938Z.json,2026-04-28T14:39:38Z,0,[]
ci-airgap-smoke/synthetic-smoke/Q4_0/68fc621f9f3916e73aa05b83ba0fa8da9f3cffad22a1c29f5acf8980d8dd743a/b38e17f8fe6b79397ba9c4cb6dc68ad1d24ed501d479195500b1d8eaf615640d/no-launch-plan/199928d2258262b2ca80e491fc637902d45ca3695c316aef71615539bffafad7,bench/results/bench_matrix_20260428T143936Z/ci-airgap-smoke_synthetic-smoke_Q4_0/qemu_prompt_bench_latest.json,2026-04-28T14:39:38Z,0,[]
ci-airgap-smoke/synthetic-smoke/Q8_0/68fc621f9f3916e73aa05b83ba0fa8da9f3cffad22a1c29f5acf8980d8dd743a/b38e17f8fe6b79397ba9c4cb6dc68ad1d24ed501d479195500b1d8eaf615640d/no-launch-plan/199928d2258262b2ca80e491fc637902d45ca3695c316aef71615539bffafad7,bench/results/bench_matrix_20260428T143936Z/ci-airgap-smoke_synthetic-smoke_Q8_0/qemu_prompt_bench_20260428T143940Z.json,2026-04-28T14:39:40Z,0,[]
ci-airgap-smoke/synthetic-smoke/Q8_0/68fc621f9f3916e73aa05b83ba0fa8da9f3cffad22a1c29f5acf8980d8dd743a/b38e17f8fe6b79397ba9c4cb6dc68ad1d24ed501d479195500b1d8eaf615640d/no-launch-plan/199928d2258262b2ca80e491fc637902d45ca3695c316aef71615539bffafad7,bench/results/bench_matrix_20260428T143936Z/ci-airgap-smoke_synthetic-smoke_Q8_0/qemu_prompt_bench_latest.json,2026-04-28T14:39:40Z,0,[]
ci-airgap-smoke/synthetic-smoke/Q4_0/68fc621f9f3916e73aa05b83ba0fa8da9f3cffad22a1c29f5acf8980d8dd743a/b38e17f8fe6b79397ba9c4cb6dc68ad1d24ed501d479195500b1d8eaf615640d/no-launch-plan/199928d2258262b2ca80e491fc637902d45ca3695c316aef71615539bffafad7,bench/results/bench_matrix_20260428T144908Z/ci-airgap-smoke_synthetic-smoke_Q4_0/qemu_prompt_bench_20260428T144909Z.json,2026-04-28T14:49:09Z,0,[]
ci-airgap-smoke/synthetic-smoke/Q4_0/68fc621f9f3916e73aa05b83ba0fa8da9f3cffad22a1c29f5acf8980d8dd743a/b38e17f8fe6b79397ba9c4cb6dc68ad1d24ed501d479195500b1d8eaf615640d/no-launch-plan/199928d2258262b2ca80e491fc637902d45ca3695c316aef71615539bffafad7,bench/results/bench_matrix_20260428T144908Z/ci-airgap-smoke_synthetic-smoke_Q4_0/qemu_prompt_bench_latest.json,2026-04-28T14:49:09Z,0,[]
ci-airgap-smoke/synthetic-smoke/Q8_0/68fc621f9f3916e73aa05b83ba0fa8da9f3cffad22a1c29f5acf8980d8dd743a/b38e17f8fe6b79397ba9c4cb6dc68ad1d24ed501d479195500b1d8eaf615640d/no-launch-plan/199928d2258262b2ca80e491fc637902d45ca3695c316aef71615539bffafad7,bench/results/bench_matrix_20260428T144908Z/ci-airgap-smoke_synthetic-smoke_Q8_0/qemu_prompt_bench_20260428T144909Z.json,2026-04-28T14:49:09Z,0,[]
ci-airgap-smoke/synthetic-smoke/Q8_0/68fc621f9f3916e73aa05b83ba0fa8da9f3cffad22a1c29f5acf8980d8dd743a/b38e17f8fe6b79397ba9c4cb6dc68ad1d24ed501d479195500b1d8eaf615640d/no-launch-plan/199928d2258262b2ca80e491fc637902d45ca3695c316aef71615539bffafad7,bench/results/bench_matrix_20260428T144908Z/ci-airgap-smoke_synthetic-smoke_Q8_0/qemu_prompt_bench_latest.json,2026-04-28T14:49:09Z,0,[]
ci-airgap-smoke/synthetic-smoke/Q4_0/68fc621f9f3916e73aa05b83ba0fa8da9f3cffad22a1c29f5acf8980d8dd743a/b38e17f8fe6b79397ba9c4cb6dc68ad1d24ed501d479195500b1d8eaf615640d/no-launch-plan/199928d2258262b2ca80e491fc637902d45ca3695c316aef71615539bffafad7,bench/results/bench_matrix_20260428T150609Z/ci-airgap-smoke_synthetic-smoke_Q4_0/qemu_prompt_bench_20260428T150611Z.json,2026-04-28T15:06:11Z,0,[]
ci-airgap-smoke/synthetic-smoke/Q4_0/68fc621f9f3916e73aa05b83ba0fa8da9f3cffad22a1c29f5acf8980d8dd743a/b38e17f8fe6b79397ba9c4cb6dc68ad1d24ed501d479195500b1d8eaf615640d/no-launch-plan/199928d2258262b2ca80e491fc637902d45ca3695c316aef71615539bffafad7,bench/results/bench_matrix_20260428T150609Z/ci-airgap-smoke_synthetic-smoke_Q4_0/qemu_prompt_bench_latest.json,2026-04-28T15:06:11Z,0,[]
ci-airgap-smoke/synthetic-smoke/Q8_0/68fc621f9f3916e73aa05b83ba0fa8da9f3cffad22a1c29f5acf8980d8dd743a/b38e17f8fe6b79397ba9c4cb6dc68ad1d24ed501d479195500b1d8eaf615640d/no-launch-plan/199928d2258262b2ca80e491fc637902d45ca3695c316aef71615539bffafad7,bench/results/bench_matrix_20260428T150609Z/ci-airgap-smoke_synthetic-smoke_Q8_0/qemu_prompt_bench_20260428T150613Z.json,2026-04-28T15:06:13Z,0,[]
ci-airgap-smoke/synthetic-smoke/Q8_0/68fc621f9f3916e73aa05b83ba0fa8da9f3cffad22a1c29f5acf8980d8dd743a/b38e17f8fe6b79397ba9c4cb6dc68ad1d24ed501d479195500b1d8eaf615640d/no-launch-plan/199928d2258262b2ca80e491fc637902d45ca3695c316aef71615539bffafad7,bench/results/bench_matrix_20260428T150609Z/ci-airgap-smoke_synthetic-smoke_Q8_0/qemu_prompt_bench_latest.json,2026-04-28T15:06:13Z,0,[]
ci-airgap-smoke/synthetic-smoke/Q4_0/68fc621f9f3916e73aa05b83ba0fa8da9f3cffad22a1c29f5acf8980d8dd743a/b38e17f8fe6b79397ba9c4cb6dc68ad1d24ed501d479195500b1d8eaf615640d/no-launch-plan/199928d2258262b2ca80e491fc637902d45ca3695c316aef71615539bffafad7,bench/results/bench_matrix_20260428T152031Z/ci-airgap-smoke_synthetic-smoke_Q4_0/qemu_prompt_bench_20260428T152031Z.json,2026-04-28T15:20:31Z,0,[]
ci-airgap-smoke/synthetic-smoke/Q4_0/68fc621f9f3916e73aa05b83ba0fa8da9f3cffad22a1c29f5acf8980d8dd743a/b38e17f8fe6b79397ba9c4cb6dc68ad1d24ed501d479195500b1d8eaf615640d/no-launch-plan/199928d2258262b2ca80e491fc637902d45ca3695c316aef71615539bffafad7,bench/results/bench_matrix_20260428T152031Z/ci-airgap-smoke_synthetic-smoke_Q4_0/qemu_prompt_bench_latest.json,2026-04-28T15:20:31Z,0,[]
ci-airgap-smoke/synthetic-smoke/Q8_0/68fc621f9f3916e73aa05b83ba0fa8da9f3cffad22a1c29f5acf8980d8dd743a/b38e17f8fe6b79397ba9c4cb6dc68ad1d24ed501d479195500b1d8eaf615640d/no-launch-plan/199928d2258262b2ca80e491fc637902d45ca3695c316aef71615539bffafad7,bench/results/bench_matrix_20260428T152031Z/ci-airgap-smoke_synthetic-smoke_Q8_0/qemu_prompt_bench_20260428T152032Z.json,2026-04-28T15:20:32Z,0,[]
ci-airgap-smoke/synthetic-smoke/Q8_0/68fc621f9f3916e73aa05b83ba0fa8da9f3cffad22a1c29f5acf8980d8dd743a/b38e17f8fe6b79397ba9c4cb6dc68ad1d24ed501d479195500b1d8eaf615640d/no-launch-plan/199928d2258262b2ca80e491fc637902d45ca3695c316aef71615539bffafad7,bench/results/bench_matrix_20260428T152031Z/ci-airgap-smoke_synthetic-smoke_Q8_0/qemu_prompt_bench_latest.json,2026-04-28T15:20:32Z,0,[]
ci-airgap-smoke/synthetic-smoke/Q4_0/68fc621f9f3916e73aa05b83ba0fa8da9f3cffad22a1c29f5acf8980d8dd743a/e415146c052b9f0baa23706ffde97548f2374f6601337823b4d810c39bed48e7/no-launch-plan/21a5fe5c0e2f1cbdfbc4f36f4a5326cb6145cbf77763b3401df2b5c1619f420d,bench/results/qemu_prompt_bench_20260428T153243Z.json,2026-04-28T15:32:43Z,0,[]
ci-airgap-smoke/synthetic-smoke/Q4_0/68fc621f9f3916e73aa05b83ba0fa8da9f3cffad22a1c29f5acf8980d8dd743a/1fe7be915be8056f3459da4bb9d1300701c8c673df80addccc4b4a822b33b661/no-launch-plan/199928d2258262b2ca80e491fc637902d45ca3695c316aef71615539bffafad7,bench/results/bench_matrix_20260428T172755Z/ci-airgap-smoke_synthetic-smoke_Q4_0/qemu_prompt_bench_20260428T172755Z.json,2026-04-28T17:27:55Z,0,[]
ci-airgap-smoke/synthetic-smoke/Q4_0/68fc621f9f3916e73aa05b83ba0fa8da9f3cffad22a1c29f5acf8980d8dd743a/1fe7be915be8056f3459da4bb9d1300701c8c673df80addccc4b4a822b33b661/no-launch-plan/199928d2258262b2ca80e491fc637902d45ca3695c316aef71615539bffafad7,bench/results/bench_matrix_20260428T172755Z/ci-airgap-smoke_synthetic-smoke_Q4_0/qemu_prompt_bench_latest.json,2026-04-28T17:27:55Z,0,[]
ci-airgap-smoke/synthetic-smoke/Q8_0/68fc621f9f3916e73aa05b83ba0fa8da9f3cffad22a1c29f5acf8980d8dd743a/1fe7be915be8056f3459da4bb9d1300701c8c673df80addccc4b4a822b33b661/no-launch-plan/199928d2258262b2ca80e491fc637902d45ca3695c316aef71615539bffafad7,bench/results/bench_matrix_20260428T172755Z/ci-airgap-smoke_synthetic-smoke_Q8_0/qemu_prompt_bench_20260428T172756Z.json,2026-04-28T17:27:56Z,0,[]
ci-airgap-smoke/synthetic-smoke/Q8_0/68fc621f9f3916e73aa05b83ba0fa8da9f3cffad22a1c29f5acf8980d8dd743a/1fe7be915be8056f3459da4bb9d1300701c8c673df80addccc4b4a822b33b661/no-launch-plan/199928d2258262b2ca80e491fc637902d45ca3695c316aef71615539bffafad7,bench/results/bench_matrix_20260428T172755Z/ci-airgap-smoke_synthetic-smoke_Q8_0/qemu_prompt_bench_latest.json,2026-04-28T17:27:56Z,0,[]
ci-airgap-smoke/synthetic-smoke/Q4_0/68fc621f9f3916e73aa05b83ba0fa8da9f3cffad22a1c29f5acf8980d8dd743a/b38e17f8fe6b79397ba9c4cb6dc68ad1d24ed501d479195500b1d8eaf615640d/no-launch-plan/199928d2258262b2ca80e491fc637902d45ca3695c316aef71615539bffafad7,bench/results/bench_matrix_20260428T200733Z/ci-airgap-smoke_synthetic-smoke_Q4_0/qemu_prompt_bench_20260428T200733Z.json,2026-04-28T20:07:33Z,0,[]
ci-airgap-smoke/synthetic-smoke/Q4_0/68fc621f9f3916e73aa05b83ba0fa8da9f3cffad22a1c29f5acf8980d8dd743a/b38e17f8fe6b79397ba9c4cb6dc68ad1d24ed501d479195500b1d8eaf615640d/no-launch-plan/199928d2258262b2ca80e491fc637902d45ca3695c316aef71615539bffafad7,bench/results/bench_matrix_20260428T200733Z/ci-airgap-smoke_synthetic-smoke_Q4_0/qemu_prompt_bench_latest.json,2026-04-28T20:07:33Z,0,[]
ci-airgap-smoke/synthetic-smoke/Q8_0/68fc621f9f3916e73aa05b83ba0fa8da9f3cffad22a1c29f5acf8980d8dd743a/b38e17f8fe6b79397ba9c4cb6dc68ad1d24ed501d479195500b1d8eaf615640d/no-launch-plan/199928d2258262b2ca80e491fc637902d45ca3695c316aef71615539bffafad7,bench/results/bench_matrix_20260428T200733Z/ci-airgap-smoke_synthetic-smoke_Q8_0/qemu_prompt_bench_20260428T200733Z.json,2026-04-28T20:07:33Z,0,[]
ci-airgap-smoke/synthetic-smoke/Q8_0/68fc621f9f3916e73aa05b83ba0fa8da9f3cffad22a1c29f5acf8980d8dd743a/b38e17f8fe6b79397ba9c4cb6dc68ad1d24ed501d479195500b1d8eaf615640d/no-launch-plan/199928d2258262b2ca80e491fc637902d45ca3695c316aef71615539bffafad7,bench/results/bench_matrix_20260428T200733Z/ci-airgap-smoke_synthetic-smoke_Q8_0/qemu_prompt_bench_latest.json,2026-04-28T20:07:33Z,0,[]
ci-airgap-smoke/synthetic-smoke/Q4_0/68fc621f9f3916e73aa05b83ba0fa8da9f3cffad22a1c29f5acf8980d8dd743a/e415146c052b9f0baa23706ffde97548f2374f6601337823b4d810c39bed48e7/no-launch-plan/21a5fe5c0e2f1cbdfbc4f36f4a5326cb6145cbf77763b3401df2b5c1619f420d,bench/results/qemu_prompt_bench_20260428T223835Z.json,2026-04-28T22:38:35Z,0,[]
synthetic-airgap-smoke/synthetic-smoke/Q4_0/68fc621f9f3916e73aa05b83ba0fa8da9f3cffad22a1c29f5acf8980d8dd743a/e415146c052b9f0baa23706ffde97548f2374f6601337823b4d810c39bed48e7/no-launch-plan/21a5fe5c0e2f1cbdfbc4f36f4a5326cb6145cbf77763b3401df2b5c1619f420d,bench/results/qemu_prompt_bench_20260428T225239Z.json,2026-04-28T22:52:39Z,0,[]
ci-airgap-smoke/synthetic-smoke/Q4_0/68fc621f9f3916e73aa05b83ba0fa8da9f3cffad22a1c29f5acf8980d8dd743a/b38e17f8fe6b79397ba9c4cb6dc68ad1d24ed501d479195500b1d8eaf615640d/no-launch-plan/199928d2258262b2ca80e491fc637902d45ca3695c316aef71615539bffafad7,bench/results/bench_matrix_20260428T225257Z/ci-airgap-smoke_synthetic-smoke_Q4_0/qemu_prompt_bench_20260428T225257Z.json,2026-04-28T22:52:57Z,0,[]
ci-airgap-smoke/synthetic-smoke/Q4_0/68fc621f9f3916e73aa05b83ba0fa8da9f3cffad22a1c29f5acf8980d8dd743a/b38e17f8fe6b79397ba9c4cb6dc68ad1d24ed501d479195500b1d8eaf615640d/no-launch-plan/199928d2258262b2ca80e491fc637902d45ca3695c316aef71615539bffafad7,bench/results/bench_matrix_20260428T225257Z/ci-airgap-smoke_synthetic-smoke_Q4_0/qemu_prompt_bench_latest.json,2026-04-28T22:52:57Z,0,[]
ci-airgap-smoke/synthetic-smoke/Q8_0/68fc621f9f3916e73aa05b83ba0fa8da9f3cffad22a1c29f5acf8980d8dd743a/b38e17f8fe6b79397ba9c4cb6dc68ad1d24ed501d479195500b1d8eaf615640d/no-launch-plan/199928d2258262b2ca80e491fc637902d45ca3695c316aef71615539bffafad7,bench/results/bench_matrix_20260428T225257Z/ci-airgap-smoke_synthetic-smoke_Q8_0/qemu_prompt_bench_20260428T225257Z.json,2026-04-28T22:52:57Z,0,[]
ci-airgap-smoke/synthetic-smoke/Q8_0/68fc621f9f3916e73aa05b83ba0fa8da9f3cffad22a1c29f5acf8980d8dd743a/b38e17f8fe6b79397ba9c4cb6dc68ad1d24ed501d479195500b1d8eaf615640d/no-launch-plan/199928d2258262b2ca80e491fc637902d45ca3695c316aef71615539bffafad7,bench/results/bench_matrix_20260428T225257Z/ci-airgap-smoke_synthetic-smoke_Q8_0/qemu_prompt_bench_latest.json,2026-04-28T22:52:57Z,0,[]
synthetic-airgap-smoke/synthetic-smoke/Q4_0/68fc621f9f3916e73aa05b83ba0fa8da9f3cffad22a1c29f5acf8980d8dd743a/cd63fce9b104ed8c38566a736230f0f586e388a4959cc554564571547acc6e6a/no-launch-plan/21a5fe5c0e2f1cbdfbc4f36f4a5326cb6145cbf77763b3401df2b5c1619f420d,bench/results/qemu_prompt_bench_20260428T231320Z.json,2026-04-28T23:13:20Z,0,[]
synthetic-airgap-smoke/synthetic-smoke/Q4_0/68fc621f9f3916e73aa05b83ba0fa8da9f3cffad22a1c29f5acf8980d8dd743a/e415146c052b9f0baa23706ffde97548f2374f6601337823b4d810c39bed48e7/no-launch-plan/21a5fe5c0e2f1cbdfbc4f36f4a5326cb6145cbf77763b3401df2b5c1619f420d,bench/results/qemu_prompt_bench_20260429T012002Z.json,2026-04-29T01:20:02Z,0,[]
ci-airgap-smoke/synthetic-smoke/Q4_0/68fc621f9f3916e73aa05b83ba0fa8da9f3cffad22a1c29f5acf8980d8dd743a/e415146c052b9f0baa23706ffde97548f2374f6601337823b4d810c39bed48e7/no-launch-plan/21a5fe5c0e2f1cbdfbc4f36f4a5326cb6145cbf77763b3401df2b5c1619f420d,bench/results/qemu_prompt_bench_20260429T015022Z.json,2026-04-29T01:50:22Z,0,[]
ci-airgap-smoke/synthetic-smoke/Q4_0/68fc621f9f3916e73aa05b83ba0fa8da9f3cffad22a1c29f5acf8980d8dd743a/16276fe5218629c6d18b6c6bd2d299bf0826c2ddd15ff0ce3871037bda7f4a6b/no-launch-plan/21a5fe5c0e2f1cbdfbc4f36f4a5326cb6145cbf77763b3401df2b5c1619f420d,bench/results/qemu_prompt_bench_20260429T020052Z.json,2026-04-29T02:00:52Z,0,[]
ci-airgap-smoke/synthetic-smoke/Q4_0/68fc621f9f3916e73aa05b83ba0fa8da9f3cffad22a1c29f5acf8980d8dd743a/e415146c052b9f0baa23706ffde97548f2374f6601337823b4d810c39bed48e7/no-launch-plan/21a5fe5c0e2f1cbdfbc4f36f4a5326cb6145cbf77763b3401df2b5c1619f420d,bench/results/qemu_prompt_bench_20260429T024845Z.json,2026-04-29T02:48:45Z,0,[]
ci-airgap-smoke/synthetic-smoke/Q4_0/68fc621f9f3916e73aa05b83ba0fa8da9f3cffad22a1c29f5acf8980d8dd743a/e415146c052b9f0baa23706ffde97548f2374f6601337823b4d810c39bed48e7/87148377012250dda7f1be10ab8c73ac784dd582df50f95013f6da0406443d6f/21a5fe5c0e2f1cbdfbc4f36f4a5326cb6145cbf77763b3401df2b5c1619f420d,bench/results/qemu_prompt_bench_20260429T032337Z.json,2026-04-29T03:23:37Z,0,[]
ci-airgap-smoke/synthetic-smoke/Q4_0/68fc621f9f3916e73aa05b83ba0fa8da9f3cffad22a1c29f5acf8980d8dd743a/16276fe5218629c6d18b6c6bd2d299bf0826c2ddd15ff0ce3871037bda7f4a6b/0e6e0a7f4f79bd3404fa242861cd90d1b5e7ec08fce24797dc36bddcb8535a86/21a5fe5c0e2f1cbdfbc4f36f4a5326cb6145cbf77763b3401df2b5c1619f420d,bench/results/qemu_prompt_bench_20260429T041410Z.json,2026-04-29T04:14:10Z,0,[]
ci-airgap-smoke/synthetic-smoke/Q4_0/68fc621f9f3916e73aa05b83ba0fa8da9f3cffad22a1c29f5acf8980d8dd743a/16276fe5218629c6d18b6c6bd2d299bf0826c2ddd15ff0ce3871037bda7f4a6b/0e6e0a7f4f79bd3404fa242861cd90d1b5e7ec08fce24797dc36bddcb8535a86/21a5fe5c0e2f1cbdfbc4f36f4a5326cb6145cbf77763b3401df2b5c1619f420d,bench/results/qemu_prompt_bench_latest.json,2026-04-29T04:14:10Z,0,[]
