source,status,command_arrays_checked,share_options,share_devices,host_path_markers,violation_count,error
bench/results/bench_matrix_20260427T182910Z/ci-airgap-smoke_synthetic-smoke_Q4_0/qemu_prompt_bench_20260427T182911Z.json,pass,6,0,0,0,0,
bench/results/bench_matrix_20260427T182910Z/ci-airgap-smoke_synthetic-smoke_Q4_0/qemu_prompt_bench_latest.json,pass,6,0,0,0,0,
bench/results/bench_matrix_20260427T182910Z/ci-airgap-smoke_synthetic-smoke_Q8_0/qemu_prompt_bench_20260427T182911Z.json,pass,6,0,0,0,0,
bench/results/bench_matrix_20260427T182910Z/ci-airgap-smoke_synthetic-smoke_Q8_0/qemu_prompt_bench_latest.json,pass,6,0,0,0,0,
bench/results/bench_matrix_20260427T183959Z/ci-airgap-smoke_synthetic-smoke_Q4_0/qemu_prompt_bench_20260427T184001Z.json,pass,6,0,0,0,0,
bench/results/bench_matrix_20260427T183959Z/ci-airgap-smoke_synthetic-smoke_Q4_0/qemu_prompt_bench_latest.json,pass,6,0,0,0,0,
bench/results/bench_matrix_20260427T183959Z/ci-airgap-smoke_synthetic-smoke_Q8_0/qemu_prompt_bench_20260427T184001Z.json,pass,6,0,0,0,0,
bench/results/bench_matrix_20260427T183959Z/ci-airgap-smoke_synthetic-smoke_Q8_0/qemu_prompt_bench_latest.json,pass,6,0,0,0,0,
bench/results/bench_matrix_20260427T200249Z/ci-airgap-smoke_synthetic-smoke_Q4_0/qemu_prompt_bench_20260427T200250Z.json,pass,6,0,0,0,0,
bench/results/bench_matrix_20260427T200249Z/ci-airgap-smoke_synthetic-smoke_Q4_0/qemu_prompt_bench_latest.json,pass,6,0,0,0,0,
bench/results/bench_matrix_20260427T200249Z/ci-airgap-smoke_synthetic-smoke_Q8_0/qemu_prompt_bench_20260427T200250Z.json,pass,6,0,0,0,0,
bench/results/bench_matrix_20260427T200249Z/ci-airgap-smoke_synthetic-smoke_Q8_0/qemu_prompt_bench_latest.json,pass,6,0,0,0,0,
bench/results/bench_matrix_20260427T230733Z/ci-airgap-smoke_synthetic-smoke_Q4_0/qemu_prompt_bench_20260427T230734Z.json,pass,6,0,0,0,0,
bench/results/bench_matrix_20260427T230733Z/ci-airgap-smoke_synthetic-smoke_Q4_0/qemu_prompt_bench_latest.json,pass,6,0,0,0,0,
bench/results/bench_matrix_20260427T230733Z/ci-airgap-smoke_synthetic-smoke_Q8_0/qemu_prompt_bench_20260427T230734Z.json,pass,6,0,0,0,0,
bench/results/bench_matrix_20260427T230733Z/ci-airgap-smoke_synthetic-smoke_Q8_0/qemu_prompt_bench_latest.json,pass,6,0,0,0,0,
bench/results/bench_matrix_20260427T234738Z/ci-airgap-smoke_synthetic-smoke_Q4_0/qemu_prompt_bench_20260427T234738Z.json,pass,6,0,0,0,0,
bench/results/bench_matrix_20260427T234738Z/ci-airgap-smoke_synthetic-smoke_Q4_0/qemu_prompt_bench_latest.json,pass,6,0,0,0,0,
bench/results/bench_matrix_20260427T234738Z/ci-airgap-smoke_synthetic-smoke_Q8_0/qemu_prompt_bench_20260427T234738Z.json,pass,6,0,0,0,0,
bench/results/bench_matrix_20260427T234738Z/ci-airgap-smoke_synthetic-smoke_Q8_0/qemu_prompt_bench_latest.json,pass,6,0,0,0,0,
bench/results/bench_matrix_20260428T000109Z/ci-airgap-smoke_synthetic-smoke_Q4_0/qemu_prompt_bench_20260428T000110Z.json,pass,6,0,0,0,0,
bench/results/bench_matrix_20260428T000109Z/ci-airgap-smoke_synthetic-smoke_Q4_0/qemu_prompt_bench_latest.json,pass,6,0,0,0,0,
bench/results/bench_matrix_20260428T000109Z/ci-airgap-smoke_synthetic-smoke_Q8_0/qemu_prompt_bench_20260428T000111Z.json,pass,6,0,0,0,0,
bench/results/bench_matrix_20260428T000109Z/ci-airgap-smoke_synthetic-smoke_Q8_0/qemu_prompt_bench_latest.json,pass,6,0,0,0,0,
bench/results/bench_matrix_20260428T023335Z/ci-airgap-smoke_synthetic-smoke_Q4_0/qemu_prompt_bench_20260428T023336Z.json,pass,6,0,0,0,0,
bench/results/bench_matrix_20260428T023335Z/ci-airgap-smoke_synthetic-smoke_Q4_0/qemu_prompt_bench_latest.json,pass,6,0,0,0,0,
bench/results/bench_matrix_20260428T023335Z/ci-airgap-smoke_synthetic-smoke_Q8_0/qemu_prompt_bench_20260428T023337Z.json,pass,6,0,0,0,0,
bench/results/bench_matrix_20260428T023335Z/ci-airgap-smoke_synthetic-smoke_Q8_0/qemu_prompt_bench_latest.json,pass,6,0,0,0,0,
bench/results/bench_matrix_20260428T035157Z/ci-airgap-smoke_synthetic-smoke_Q4_0/qemu_prompt_bench_20260428T035203Z.json,pass,6,0,0,0,0,
bench/results/bench_matrix_20260428T035157Z/ci-airgap-smoke_synthetic-smoke_Q4_0/qemu_prompt_bench_latest.json,pass,6,0,0,0,0,
bench/results/bench_matrix_20260428T035157Z/ci-airgap-smoke_synthetic-smoke_Q8_0/qemu_prompt_bench_20260428T035204Z.json,pass,6,0,0,0,0,
bench/results/bench_matrix_20260428T035157Z/ci-airgap-smoke_synthetic-smoke_Q8_0/qemu_prompt_bench_latest.json,pass,6,0,0,0,0,
bench/results/bench_matrix_20260428T062013Z/ci-airgap-smoke_synthetic-smoke_Q4_0/qemu_prompt_bench_20260428T062014Z.json,pass,6,0,0,0,0,
bench/results/bench_matrix_20260428T062013Z/ci-airgap-smoke_synthetic-smoke_Q4_0/qemu_prompt_bench_latest.json,pass,6,0,0,0,0,
bench/results/bench_matrix_20260428T062013Z/ci-airgap-smoke_synthetic-smoke_Q8_0/qemu_prompt_bench_20260428T062015Z.json,pass,6,0,0,0,0,
bench/results/bench_matrix_20260428T062013Z/ci-airgap-smoke_synthetic-smoke_Q8_0/qemu_prompt_bench_latest.json,pass,6,0,0,0,0,
bench/results/bench_matrix_20260428T105611Z/ci-airgap-smoke_synthetic-smoke_Q4_0/qemu_prompt_bench_20260428T105613Z.json,pass,6,0,0,0,0,
bench/results/bench_matrix_20260428T105611Z/ci-airgap-smoke_synthetic-smoke_Q4_0/qemu_prompt_bench_latest.json,pass,6,0,0,0,0,
bench/results/bench_matrix_20260428T105611Z/ci-airgap-smoke_synthetic-smoke_Q8_0/qemu_prompt_bench_20260428T105614Z.json,pass,6,0,0,0,0,
bench/results/bench_matrix_20260428T105611Z/ci-airgap-smoke_synthetic-smoke_Q8_0/qemu_prompt_bench_latest.json,pass,6,0,0,0,0,
bench/results/bench_matrix_20260428T132709Z/ci-airgap-smoke_synthetic-smoke_Q4_0/qemu_prompt_bench_20260428T132718Z.json,pass,6,0,0,0,0,
bench/results/bench_matrix_20260428T132709Z/ci-airgap-smoke_synthetic-smoke_Q4_0/qemu_prompt_bench_latest.json,pass,6,0,0,0,0,
bench/results/bench_matrix_20260428T132709Z/ci-airgap-smoke_synthetic-smoke_Q8_0/qemu_prompt_bench_20260428T132724Z.json,pass,6,0,0,0,0,
bench/results/bench_matrix_20260428T132709Z/ci-airgap-smoke_synthetic-smoke_Q8_0/qemu_prompt_bench_latest.json,pass,6,0,0,0,0,
bench/results/bench_matrix_20260428T133552Z/ci-airgap-smoke_synthetic-smoke_Q4_0/qemu_prompt_bench_20260428T133553Z.json,pass,6,0,0,0,0,
bench/results/bench_matrix_20260428T133552Z/ci-airgap-smoke_synthetic-smoke_Q4_0/qemu_prompt_bench_latest.json,pass,6,0,0,0,0,
bench/results/bench_matrix_20260428T133552Z/ci-airgap-smoke_synthetic-smoke_Q8_0/qemu_prompt_bench_20260428T133554Z.json,pass,6,0,0,0,0,
bench/results/bench_matrix_20260428T133552Z/ci-airgap-smoke_synthetic-smoke_Q8_0/qemu_prompt_bench_latest.json,pass,6,0,0,0,0,
bench/results/bench_matrix_20260428T143936Z/ci-airgap-smoke_synthetic-smoke_Q4_0/qemu_prompt_bench_20260428T143938Z.json,pass,6,0,0,0,0,
bench/results/bench_matrix_20260428T143936Z/ci-airgap-smoke_synthetic-smoke_Q4_0/qemu_prompt_bench_latest.json,pass,6,0,0,0,0,
bench/results/bench_matrix_20260428T143936Z/ci-airgap-smoke_synthetic-smoke_Q8_0/qemu_prompt_bench_20260428T143940Z.json,pass,6,0,0,0,0,
bench/results/bench_matrix_20260428T143936Z/ci-airgap-smoke_synthetic-smoke_Q8_0/qemu_prompt_bench_latest.json,pass,6,0,0,0,0,
bench/results/bench_matrix_20260428T144908Z/ci-airgap-smoke_synthetic-smoke_Q4_0/qemu_prompt_bench_20260428T144909Z.json,pass,6,0,0,0,0,
bench/results/bench_matrix_20260428T144908Z/ci-airgap-smoke_synthetic-smoke_Q4_0/qemu_prompt_bench_latest.json,pass,6,0,0,0,0,
bench/results/bench_matrix_20260428T144908Z/ci-airgap-smoke_synthetic-smoke_Q8_0/qemu_prompt_bench_20260428T144909Z.json,pass,6,0,0,0,0,
bench/results/bench_matrix_20260428T144908Z/ci-airgap-smoke_synthetic-smoke_Q8_0/qemu_prompt_bench_latest.json,pass,6,0,0,0,0,
bench/results/bench_matrix_20260428T150609Z/ci-airgap-smoke_synthetic-smoke_Q4_0/qemu_prompt_bench_20260428T150611Z.json,pass,6,0,0,0,0,
bench/results/bench_matrix_20260428T150609Z/ci-airgap-smoke_synthetic-smoke_Q4_0/qemu_prompt_bench_latest.json,pass,6,0,0,0,0,
bench/results/bench_matrix_20260428T150609Z/ci-airgap-smoke_synthetic-smoke_Q8_0/qemu_prompt_bench_20260428T150613Z.json,pass,6,0,0,0,0,
bench/results/bench_matrix_20260428T150609Z/ci-airgap-smoke_synthetic-smoke_Q8_0/qemu_prompt_bench_latest.json,pass,6,0,0,0,0,
bench/results/bench_matrix_20260428T152031Z/ci-airgap-smoke_synthetic-smoke_Q4_0/qemu_prompt_bench_20260428T152031Z.json,pass,6,0,0,0,0,
bench/results/bench_matrix_20260428T152031Z/ci-airgap-smoke_synthetic-smoke_Q4_0/qemu_prompt_bench_latest.json,pass,6,0,0,0,0,
bench/results/bench_matrix_20260428T152031Z/ci-airgap-smoke_synthetic-smoke_Q8_0/qemu_prompt_bench_20260428T152032Z.json,pass,6,0,0,0,0,
bench/results/bench_matrix_20260428T152031Z/ci-airgap-smoke_synthetic-smoke_Q8_0/qemu_prompt_bench_latest.json,pass,6,0,0,0,0,
bench/results/bench_matrix_20260428T172755Z/ci-airgap-smoke_synthetic-smoke_Q4_0/qemu_prompt_bench_20260428T172755Z.json,pass,6,0,0,0,0,
bench/results/bench_matrix_20260428T172755Z/ci-airgap-smoke_synthetic-smoke_Q4_0/qemu_prompt_bench_latest.json,pass,6,0,0,0,0,
bench/results/bench_matrix_20260428T172755Z/ci-airgap-smoke_synthetic-smoke_Q8_0/qemu_prompt_bench_20260428T172756Z.json,pass,6,0,0,0,0,
bench/results/bench_matrix_20260428T172755Z/ci-airgap-smoke_synthetic-smoke_Q8_0/qemu_prompt_bench_latest.json,pass,6,0,0,0,0,
bench/results/bench_matrix_20260428T200733Z/ci-airgap-smoke_synthetic-smoke_Q4_0/qemu_prompt_bench_20260428T200733Z.json,pass,6,0,0,0,0,
bench/results/bench_matrix_20260428T200733Z/ci-airgap-smoke_synthetic-smoke_Q4_0/qemu_prompt_bench_latest.json,pass,6,0,0,0,0,
bench/results/bench_matrix_20260428T200733Z/ci-airgap-smoke_synthetic-smoke_Q8_0/qemu_prompt_bench_20260428T200733Z.json,pass,6,0,0,0,0,
bench/results/bench_matrix_20260428T200733Z/ci-airgap-smoke_synthetic-smoke_Q8_0/qemu_prompt_bench_latest.json,pass,6,0,0,0,0,
bench/results/bench_matrix_20260428T225257Z/ci-airgap-smoke_synthetic-smoke_Q4_0/qemu_prompt_bench_20260428T225257Z.json,pass,6,0,0,0,0,
bench/results/bench_matrix_20260428T225257Z/ci-airgap-smoke_synthetic-smoke_Q4_0/qemu_prompt_bench_latest.json,pass,6,0,0,0,0,
bench/results/bench_matrix_20260428T225257Z/ci-airgap-smoke_synthetic-smoke_Q8_0/qemu_prompt_bench_20260428T225257Z.json,pass,6,0,0,0,0,
bench/results/bench_matrix_20260428T225257Z/ci-airgap-smoke_synthetic-smoke_Q8_0/qemu_prompt_bench_latest.json,pass,6,0,0,0,0,
bench/results/bench_matrix_20260429T094455Z/ci-airgap-smoke_synthetic-smoke_Q4_0/qemu_prompt_bench_20260429T094456Z.json,pass,6,0,0,0,0,
bench/results/bench_matrix_20260429T094455Z/ci-airgap-smoke_synthetic-smoke_Q4_0/qemu_prompt_bench_latest.json,pass,6,0,0,0,0,
bench/results/bench_matrix_20260429T094455Z/ci-airgap-smoke_synthetic-smoke_Q8_0/qemu_prompt_bench_20260429T094456Z.json,pass,6,0,0,0,0,
bench/results/bench_matrix_20260429T094455Z/ci-airgap-smoke_synthetic-smoke_Q8_0/qemu_prompt_bench_latest.json,pass,6,0,0,0,0,
bench/results/bench_matrix_20260502T011421Z/ci-airgap-smoke_synthetic-smoke_Q4_0/qemu_prompt_bench_20260502T011425Z.json,pass,7,0,0,0,0,
bench/results/bench_matrix_20260502T011421Z/ci-airgap-smoke_synthetic-smoke_Q4_0/qemu_prompt_bench_latest.json,pass,7,0,0,0,0,
bench/results/bench_matrix_20260502T011421Z/ci-airgap-smoke_synthetic-smoke_Q8_0/qemu_prompt_bench_20260502T011428Z.json,pass,7,0,0,0,0,
bench/results/bench_matrix_20260502T011421Z/ci-airgap-smoke_synthetic-smoke_Q8_0/qemu_prompt_bench_latest.json,pass,7,0,0,0,0,
bench/results/qemu_prompt_bench_20260427T144137Z.json,pass,6,0,0,0,0,
bench/results/qemu_prompt_bench_20260427T161259Z.json,pass,6,0,0,0,0,
bench/results/qemu_prompt_bench_20260427T170437Z.json,pass,6,0,0,0,0,
bench/results/qemu_prompt_bench_20260427T172021Z.json,pass,6,0,0,0,0,
bench/results/qemu_prompt_bench_20260427T180219Z.json,pass,8,0,0,0,0,
bench/results/qemu_prompt_bench_20260427T192232Z.json,pass,6,0,0,0,0,
bench/results/qemu_prompt_bench_20260427T200233Z.json,pass,6,0,0,0,0,
bench/results/qemu_prompt_bench_20260427T220828Z.json,pass,6,0,0,0,0,
bench/results/qemu_prompt_bench_20260427T221951Z.json,pass,6,0,0,0,0,
bench/results/qemu_prompt_bench_20260427T231904Z.json,pass,6,0,0,0,0,
bench/results/qemu_prompt_bench_20260427T233253Z.json,pass,6,0,0,0,0,
bench/results/qemu_prompt_bench_20260427T234033Z.json,pass,6,0,0,0,0,
bench/results/qemu_prompt_bench_20260428T000110Z.json,pass,6,0,0,0,0,
bench/results/qemu_prompt_bench_20260428T000650Z.json,pass,6,0,0,0,0,
bench/results/qemu_prompt_bench_20260428T024600Z.json,pass,6,0,0,0,0,
bench/results/qemu_prompt_bench_20260428T035203Z.json,pass,6,0,0,0,0,
bench/results/qemu_prompt_bench_20260428T044520Z.json,pass,6,0,0,0,0,
bench/results/qemu_prompt_bench_20260428T045336Z.json,pass,6,0,0,0,0,
bench/results/qemu_prompt_bench_20260428T051723Z.json,pass,6,0,0,0,0,
bench/results/qemu_prompt_bench_20260428T053208Z.json,pass,6,0,0,0,0,
bench/results/qemu_prompt_bench_20260428T061952Z.json,pass,6,0,0,0,0,
bench/results/qemu_prompt_bench_20260428T064752Z.json,pass,6,0,0,0,0,
bench/results/qemu_prompt_bench_20260428T124220Z.json,pass,6,0,0,0,0,
bench/results/qemu_prompt_bench_20260428T125149Z.json,pass,6,0,0,0,0,
bench/results/qemu_prompt_bench_20260428T134519Z.json,pass,6,0,0,0,0,
bench/results/qemu_prompt_bench_20260428T142810Z.json,pass,6,0,0,0,0,
bench/results/qemu_prompt_bench_20260428T143901Z.json,pass,6,0,0,0,0,
bench/results/qemu_prompt_bench_20260428T153243Z.json,pass,6,0,0,0,0,
bench/results/qemu_prompt_bench_20260428T223835Z.json,pass,6,0,0,0,0,
bench/results/qemu_prompt_bench_20260428T225239Z.json,pass,6,0,0,0,0,
bench/results/qemu_prompt_bench_20260428T231320Z.json,pass,8,0,0,0,0,
bench/results/qemu_prompt_bench_20260429T012002Z.json,pass,6,0,0,0,0,
bench/results/qemu_prompt_bench_20260429T015022Z.json,pass,6,0,0,0,0,
bench/results/qemu_prompt_bench_20260429T020052Z.json,pass,6,0,0,0,0,
bench/results/qemu_prompt_bench_20260429T024845Z.json,pass,6,0,0,0,0,
bench/results/qemu_prompt_bench_20260429T032337Z.json,pass,6,0,0,0,0,
bench/results/qemu_prompt_bench_20260429T041410Z.json,pass,6,0,0,0,0,
bench/results/qemu_prompt_bench_20260429T060039Z.json,pass,6,0,0,0,0,
bench/results/qemu_prompt_bench_20260429T062942Z.json,pass,2,0,0,0,0,
bench/results/qemu_prompt_bench_20260429T065359Z.json,pass,2,0,0,0,0,
bench/results/qemu_prompt_bench_20260429T102512Z.json,pass,6,0,0,0,0,
bench/results/qemu_prompt_bench_20260429T103312Z.json,pass,2,0,0,0,0,
bench/results/qemu_prompt_bench_20260429T143532Z.json,pass,6,0,0,0,0,
bench/results/qemu_prompt_bench_20260429T153144Z.json,pass,7,0,0,0,0,
bench/results/qemu_prompt_bench_20260429T160551Z.json,pass,7,0,0,0,0,
bench/results/qemu_prompt_bench_20260429T161025Z.json,pass,7,0,0,0,0,
bench/results/qemu_prompt_bench_20260429T170155Z.json,pass,7,0,0,0,0,
bench/results/qemu_prompt_bench_20260429T182259Z.json,pass,7,0,0,0,0,
bench/results/qemu_prompt_bench_20260429T185635Z.json,pass,7,0,0,0,0,
bench/results/qemu_prompt_bench_20260429T193606Z.json,pass,7,0,0,0,0,
bench/results/qemu_prompt_bench_20260429T194305Z.json,pass,7,0,0,0,0,
bench/results/qemu_prompt_bench_20260429T195949Z.json,pass,7,0,0,0,0,
bench/results/qemu_prompt_bench_20260429T200845Z.json,pass,7,0,0,0,0,
bench/results/qemu_prompt_bench_20260429T201750Z.json,pass,7,0,0,0,0,
bench/results/qemu_prompt_bench_20260429T202417Z.json,pass,7,0,0,0,0,
bench/results/qemu_prompt_bench_20260429T203225Z.json,pass,7,0,0,0,0,
bench/results/qemu_prompt_bench_20260429T203914Z.json,pass,7,0,0,0,0,
bench/results/qemu_prompt_bench_20260429T230149Z.json,pass,7,0,0,0,0,
bench/results/qemu_prompt_bench_20260501T171635Z.json,pass,7,0,0,0,0,
bench/results/qemu_prompt_bench_20260501T230412Z.json,pass,7,0,0,0,0,
bench/results/qemu_prompt_bench_dry_run_20260427T222713Z.json,pass,1,0,0,0,0,
bench/results/qemu_prompt_bench_dry_run_20260427T233252Z.json,pass,1,0,0,0,0,
bench/results/qemu_prompt_bench_dry_run_20260428T124108Z.json,pass,1,0,0,0,0,
bench/results/qemu_prompt_bench_dry_run_20260428T222213Z.json,pass,1,0,0,0,0,
bench/results/qemu_prompt_bench_dry_run_20260428T223047Z.json,pass,1,0,0,0,0,
bench/results/qemu_prompt_bench_dry_run_20260428T231332Z.json,pass,1,0,0,0,0,
bench/results/qemu_prompt_bench_dry_run_20260429T032337Z.json,pass,1,0,0,0,0,
bench/results/qemu_prompt_bench_dry_run_20260429T133647Z.json,pass,1,0,0,0,0,
bench/results/qemu_prompt_bench_dry_run_20260429T153218Z.json,pass,1,0,0,0,0,
bench/results/qemu_prompt_bench_dry_run_20260429T170331Z.json,pass,1,0,0,0,0,
bench/results/qemu_prompt_bench_dry_run_20260429T193620Z.json,pass,1,0,0,0,0,
bench/results/qemu_prompt_bench_dry_run_latest.json,pass,1,0,0,0,0,
bench/results/qemu_prompt_bench_latest.json,pass,7,0,0,0,0,
